Library,Purpose,Usage
Pandas,Data manipulation and analysis,DataFrame operations, data cleaning, and analysis
NumPy,Numerical computations,Array operations, mathematical functions, linear algebra
Matplotlib,Data visualization,Creating static, animated, and interactive plots
Seaborn,Statistical data visualization,Enhanced visualizations based on Matplotlib
Scikit-learn,Machine learning,Tools for classification, regression, clustering, and model selection
TensorFlow,Deep learning,Building and training neural networks
Keras,High-level neural networks API,Simplified interface for building neural networks
Statsmodels,Statistical modeling and hypothesis testing,Estimating models, statistical tests, and data exploration
NLTK,Natural Language Processing,Text processing and analysis for natural language
OpenCV,Computer vision,Image processing, video analysis, and computer vision applications
